日付,先物需給,オプション需給,オプション個別,Entry,Exit
2026/6/4,-,-,NA,20:00,
2026/6/5,-,-,NA,20:00,19:00
2026/6/8,+,+,NA,20:00,19:00
2026/6/9,-,+,NA,20:00,19:00
2026/6/10,+,-,NA,20:00,19:00
2026/6/11,NA,-,NA,20:00,19:00
2026/6/12,+,+,NA,20:00,19:00
2026/6/15,+,+,NA,20:00,19:00
2026/6/16,NA,+,NA,20:00,19:00
2026/6/17,-,+,NA,20:00,19:00
2026/6/18,+,+,NA,20:00,19:00
2026/6/19,NA,-,NA,20:00,19:00
2026/6/22,+,+,NA,20:00,19:00
2026/6/23,-,-,NA,20:00,19:00
2026/6/24,-,-,NA,20:00,19:00
2026/6/25,+,+,NA,20:00,19:00
2026/6/26,+,+,NA,20:00,19:00
2026/6/29,-,-,NA,20:00,19:00
2026/6/30,-,+,NA,20:00,19:00
2026/7/1,-,+,NA,20:00,19:00
2026/7/2,NA,-,NA,20:00,19:00
2026/7/3,-,+,NA,20:00,19:00
2026/7/6,NA,-,NA,20:00,19:00
2026/7/7,-,-,NA,20:00,19:00
2026/7/8,-,-,NA,20:00,19:00
2026/7/9,+,+,NA,20:00,19:00
2026/7/10,-,+,NA,20:00,19:00
2026/7/13,-,-,NA,20:00,19:00
2026/7/14,+,+,NA,20:00,19:00
2026/7/15,-,+,NA,20:00,19:00
2026/7/16,-,-,NA,,19:00
