"Position","Pattern","TP","SL","TrailAct","TrailRev","BeAct","BeMoveTo","TotalTrades","WinRate","NetProfit","AvgPnL","ProfitFactor","SharpeRatio","MaxDrawdown"
"Long","trailing",NA,NA,800,50,NA,NA,141,0.624113475177305,56900,403.54609929078,2.16861778599302,0.31278372468158,6490
"Long","trailing",NA,NA,900,50,NA,NA,141,0.617021276595745,57140,405.248226950355,2.15973208849198,0.311605948825768,6440
"Long","trailing",NA,NA,700,50,NA,NA,141,0.631205673758865,53580,380,2.10771139135828,0.298136629122036,6220
"Long","trailing",NA,NA,900,100,NA,NA,141,0.617021276595745,53440,379.007092198582,2.08463568094175,0.295967539483902,6550
"Long","trailing",NA,NA,800,100,NA,NA,141,0.624113475177305,53000,375.886524822695,2.08851920312179,0.295869876042656,6690
"Long","trailing",NA,NA,1000,50,NA,NA,141,0.595744680851064,54480,386.382978723404,2.08916433426629,0.295497373920717,6560
"Long","trailing",NA,NA,1000,100,NA,NA,141,0.595744680851064,51260,363.54609929078,2.02479008396641,0.282247862387052,6710
"Long","trailing",NA,NA,800,150,NA,NA,141,0.624113475177305,49780,353.049645390071,2.0223865270076,0.281815204533698,6890
"Long","trailing",NA,NA,900,150,NA,NA,141,0.617021276595745,50010,354.68085106383,2.01501928151005,0.281124593598127,6750
"Long","trailing",NA,NA,700,100,NA,NA,141,0.631205673758865,49600,351.77304964539,2.025428984908,0.280232725104569,6270
"Long","trailing",NA,NA,500,50,NA,NA,141,0.680851063829787,41760,296.170212765957,2.01581123814157,0.276905063852468,9590
"Long","trailing",NA,NA,800,200,NA,NA,141,0.624113475177305,47360,335.886524822695,1.97268432943109,0.270605454126586,7080
"Long","trailing",NA,NA,1000,150,NA,NA,141,0.595744680851064,48110,341.205673758865,1.96181527389044,0.26889038829087,6860
"Long","trailing",NA,NA,900,200,NA,NA,141,0.617021276595745,47030,333.54609929078,1.95453622894256,0.267280764896281,6940
"Long","trailing",NA,NA,700,150,NA,NA,141,0.631205673758865,46030,326.45390070922,1.95162290676039,0.263858887747724,6320
"Long","trailing",NA,NA,600,50,NA,NA,141,0.645390070921986,44830,317.943262411348,1.93512724238632,0.262019657055786,9450
"Long","trailing",NA,NA,1000,200,NA,NA,141,0.595744680851064,46240,327.943262411348,1.92443022790884,0.260427666898598,7000
"Long","trailing",NA,NA,800,250,NA,NA,141,0.624113475177305,45080,319.716312056738,1.92585746559869,0.260238823938476,6880
"Long","trailing",NA,NA,900,250,NA,NA,141,0.617021276595745,44700,317.021276595745,1.90724578851228,0.256779867925209,6880
"Long","trailing",NA,NA,800,300,NA,NA,141,0.624113475177305,44690,316.950354609929,1.91784760731156,0.254997455107428,7040
"Long","trailing",NA,NA,500,100,NA,NA,141,0.680851063829787,37290,264.468085106383,1.90707856969107,0.251520121062298,9840
"Long","trailing",NA,NA,400,50,NA,NA,141,0.709219858156028,36130,256.241134751773,1.95229309435951,0.251418742082121,9850
"Long","trailing",NA,NA,900,300,NA,NA,141,0.617021276595745,44170,313.262411347518,1.89648873553887,0.251000301864064,7040
"Long","trailing",NA,NA,1000,250,NA,NA,141,0.595744680851064,43560,308.936170212766,1.87085165933627,0.248705766688671,6890
"Long","trailing",NA,NA,700,200,NA,NA,141,0.631205673758865,42920,304.397163120567,1.88732685548894,0.248551627172199,6550
"Long","trailing",NA,NA,1000,300,NA,NA,141,0.595744680851064,43530,308.723404255319,1.8702518992403,0.24566714991128,7040
"Long","trailing",NA,NA,800,350,NA,NA,141,0.624113475177305,42750,303.191489361702,1.87800369685767,0.245229465876968,7190
"Long","trailing",NA,NA,900,350,NA,NA,141,0.617021276595745,42830,303.758865248227,1.86929165820986,0.244501521452448,7190
"Long","fixed",900,200,NA,NA,NA,NA,141,0.304964539007092,16950,120.212765957447,1.86479591836735,0.24397758437589,2000
"Long","trailing",NA,NA,700,250,NA,NA,141,0.631205673758865,41330,293.120567375887,1.85445524085177,0.241256207831366,6710
"Long","trailing",NA,NA,600,100,NA,NA,141,0.645390070921986,40580,287.801418439716,1.84647476011681,0.24093436558669,9550
"Long","trailing",NA,NA,1000,350,NA,NA,141,0.595744680851064,41950,297.517730496454,1.83866453418633,0.238128169638546,7190
"Long","trailing",NA,NA,700,300,NA,NA,141,0.631205673758865,41230,292.411347517731,1.85238784370478,0.237432131002961,7010
"Long","fixed",1000,200,NA,NA,NA,NA,141,0.283687943262411,17150,121.631205673759,1.8490099009901,0.232607380999918,2400
"Long","trailing",NA,NA,900,400,NA,NA,141,0.617021276595745,40320,285.957446808511,1.81834787903389,0.232294101993056,6930
"Long","trailing",NA,NA,700,350,NA,NA,141,0.631205673758865,40120,284.539007092199,1.82943973537317,0.23177037194652,7310
"Long","trailing",NA,NA,800,400,NA,NA,141,0.624113475177305,39950,283.333333333333,1.82049702197577,0.23129150782371,7220
"Long","trailing",NA,NA,500,150,NA,NA,141,0.680851063829787,33360,236.595744680851,1.81148139138896,0.228644426517228,10090
"Long","trailing",NA,NA,1000,400,NA,NA,141,0.595744680851064,39690,281.489361702128,1.79348260695722,0.22739345055526,6930
"Long","fixed",800,200,NA,NA,NA,NA,141,0.312056737588652,14240,100.992907801418,1.7340206185567,0.222422740250398,1800
"Long","fixed",900,700,NA,NA,NA,NA,141,0.539007092198582,23770,168.581560283688,1.58103153263261,0.22154716118069,7170
"Long","trailing",NA,NA,600,150,NA,NA,141,0.645390070921986,36700,260.283687943262,1.76554025865665,0.221226428975533,9650
"Long","trailing",NA,NA,400,100,NA,NA,141,0.709219858156028,31230,221.489361702128,1.8231418028466,0.220988767806173,10150
"Long","trailing",NA,NA,700,400,NA,NA,141,0.631205673758865,37540,266.241134751773,1.77610088898077,0.21871573990634,7610
"Long","trailing",NA,NA,900,450,NA,NA,141,0.617021276595745,37220,263.971631205674,1.75542926730262,0.217183442300882,7080
"Long","fixed",1000,100,NA,NA,NA,NA,141,0.184397163120567,12400,87.9432624113475,2.07826086956522,0.216113887800885,3000
"Long","trailing",NA,NA,1000,450,NA,NA,141,0.595744680851064,37240,264.113475177305,1.74450219912035,0.215931106307309,7080
"Long","trailing",NA,NA,800,450,NA,NA,141,0.624113475177305,36650,259.929078014184,1.7527212980078,0.214882899166579,7520
"Long","trailing",NA,NA,900,500,NA,NA,141,0.617021276595745,36150,256.382978723404,1.73371219809215,0.211190040224856,7230
"Long","trailing",NA,NA,1000,500,NA,NA,141,0.595744680851064,36170,256.524822695035,1.72311075569772,0.210124014028005,7230
"Long","trailing",NA,NA,800,500,NA,NA,141,0.624113475177305,35740,253.475177304965,1.73403162867118,0.209658087936773,7230
"Long","trailing",NA,NA,100,50,NA,NA,141,0.907801418439716,16570,117.517730496454,2.14118457300275,0.207110580566472,3640
"Long","trailing",NA,NA,500,200,NA,NA,141,0.680851063829787,29820,211.489361702128,1.72537095597178,0.20680779125235,10340
"Long","trailing",NA,NA,600,200,NA,NA,141,0.645390070921986,33740,239.290780141844,1.70379641218189,0.205263187245053,9750
"Long","trailing",NA,NA,700,450,NA,NA,141,0.631205673758865,34140,242.127659574468,1.70580938598305,0.201373017484788,7910
"Long","fixed",900,600,NA,NA,NA,NA,141,0.50354609929078,20570,145.886524822695,1.51931330472103,0.201296507912183,6950
"Long","trailing",NA,NA,500,250,NA,NA,141,0.680851063829787,29060,206.099290780142,1.70688396983702,0.201015733922529,10590
"Long","fixed",800,700,NA,NA,NA,NA,141,0.553191489361702,19960,141.560283687943,1.50518855985826,0.198852711396631,7770
"Long","fixed",900,300,NA,NA,NA,NA,141,0.354609929078014,15670,111.13475177305,1.57652685798381,0.197863571369592,3600
"Long","fixed",900,800,NA,NA,NA,NA,141,0.560283687943262,21930,155.531914893617,1.50787401574803,0.19700904815351,8180
"Long","fixed",900,500,NA,NA,NA,NA,141,0.460992907801418,18780,133.191489361702,1.51032608695652,0.19570504985337,6390
"Long","fixed",900,100,NA,NA,NA,NA,141,0.184397163120567,10200,72.3404255319149,1.88695652173913,0.194555077402427,3000
"Long","trailing",NA,NA,500,300,NA,NA,141,0.680851063829787,28710,203.617021276596,1.69837022622233,0.19367741014576,10840
"Long","trailing",NA,NA,700,500,NA,NA,141,0.631205673758865,32660,231.631205673759,1.67521190820757,0.193460953215366,7490
"Long","fixed",1000,700,NA,NA,NA,NA,141,0.50354609929078,21850,154.964539007092,1.50172215843858,0.193430915463096,6570
"Long","trailing",NA,NA,600,250,NA,NA,141,0.645390070921986,31200,221.276595744681,1.65081351689612,0.191504953559454,9890
"Long","trailing",NA,NA,600,300,NA,NA,141,0.645390070921986,31650,224.468085106383,1.66020025031289,0.190619674165359,9950
"Long","trailing",NA,NA,400,150,NA,NA,141,0.709219858156028,26410,187.304964539007,1.69609910384818,0.190020923053082,10450
"Long","trailing",NA,NA,200,50,NA,NA,141,0.808510638297872,22400,158.86524822695,1.78130449947681,0.188801216395084,9450
"Long","fixed",700,200,NA,NA,NA,NA,141,0.312056737588652,10690,75.8156028368794,1.55103092783505,0.183457795984252,2100
"Long","trailing",NA,NA,500,350,NA,NA,141,0.680851063829787,26910,190.851063829787,1.65458525906106,0.182428070697222,11090
"Long","trailing",NA,NA,300,50,NA,NA,141,0.730496453900709,24260,172.056737588652,1.65834464043419,0.180402632691405,9970
"Long","trailing",NA,NA,600,350,NA,NA,141,0.645390070921986,29550,209.574468085106,1.61639549436796,0.179275283228297,10050
"Long","fixed",1000,300,NA,NA,NA,NA,141,0.326241134751773,14970,106.170212765957,1.52748414376321,0.179042650692145,3600
"Long","fixed",800,600,NA,NA,NA,NA,141,0.517730496453901,17060,120.992907801418,1.44415516792502,0.178552053145433,7750
"Long","fixed",900,400,NA,NA,NA,NA,141,0.404255319148936,15380,109.078014184397,1.46606060606061,0.175424533416718,4000
"Long","trailing",NA,NA,500,400,NA,NA,141,0.680851063829787,25830,183.191489361702,1.62831427876429,0.174389091898186,11280
"Long","fixed",1000,800,NA,NA,NA,NA,141,0.524822695035461,20300,143.971631205674,1.44585987261146,0.174070931784866,7720
"Long","fixed",1000,600,NA,NA,NA,NA,141,0.468085106382979,18450,130.851063829787,1.43980929678188,0.172078741706398,6350
"Long","fixed",800,800,NA,NA,NA,NA,141,0.567375886524823,18070,128.156028368794,1.42638036809816,0.171697421344059,8780
"Long","fixed",800,100,NA,NA,NA,NA,141,0.184397163120567,8090,57.3758865248227,1.70347826086957,0.169587039466319,3000
"Long","fixed",800,300,NA,NA,NA,NA,141,0.361702127659574,12360,87.6595744680851,1.45982142857143,0.168565579389756,3900
"Long","trailing",NA,NA,400,200,NA,NA,141,0.709219858156028,22980,162.978723404255,1.60569319978914,0.167105032840644,10750
"Long","trailing",NA,NA,600,400,NA,NA,141,0.645390070921986,26940,191.063829787234,1.56195244055069,0.165233018025325,10150
"Long","fixed",900,900,NA,NA,NA,NA,141,0.567375886524823,19270,136.666666666667,1.41228070175439,0.165074443078592,9320
"Long","trailing",NA,NA,400,250,NA,NA,141,0.709219858156028,22480,159.432624113475,1.59251449657354,0.162476855929877,11020
"Long","trailing",NA,NA,400,300,NA,NA,141,0.709219858156028,23020,163.262411347518,1.60674749604639,0.161024706829326,11270
"Long","fixed",1000,400,NA,NA,NA,NA,141,0.375886524822695,14880,105.531914893617,1.43005780346821,0.1604486079108,4000
"Long","fixed",800,500,NA,NA,NA,NA,141,0.468085106382979,14270,101.205673758865,1.3931129476584,0.159454456204722,7090
"Long","fixed",1000,500,NA,NA,NA,NA,141,0.425531914893617,16000,113.475177304965,1.40712468193384,0.158928199417371,5690
"Long","trailing",NA,NA,400,350,NA,NA,141,0.709219858156028,22120,156.879432624113,1.5830258302583,0.155127830158758,11490
"Long","fixed",600,200,NA,NA,NA,NA,141,0.326241134751773,8090,57.3758865248227,1.42578947368421,0.153989381264921,2800
"Long","fixed",500,200,NA,NA,NA,NA,141,0.361702127659574,7240,51.3475177304965,1.40222222222222,0.152914816687815,3100
"Long","trailing",NA,NA,500,450,NA,NA,141,0.680851063829787,22300,158.156028368794,1.54244709316468,0.152385129372205,11530
"Long","fixed",700,700,NA,NA,NA,NA,141,0.560283687943262,14230,100.921985815603,1.36310283235519,0.15123435310489,7350
"Long","trailing",NA,NA,600,450,NA,NA,141,0.645390070921986,23700,168.085106382979,1.49436795994994,0.147117099093678,10250
"Long","trailing",NA,NA,200,100,NA,NA,141,0.808510638297872,17020,120.709219858156,1.59365190094175,0.145841552794673,9890
"Long","trailing",NA,NA,300,100,NA,NA,141,0.730496453900709,19160,135.886524822695,1.51994572591588,0.144931646467275,10320
"Long","fixed",700,100,NA,NA,NA,NA,141,0.184397163120567,6240,44.2553191489362,1.54260869565217,0.14422745964971,3000
"Long","fixed",1000,900,NA,NA,NA,NA,141,0.531914893617021,17540,124.397163120567,1.35585311422195,0.143663177118402,9020
"Long","trailing",NA,NA,600,500,NA,NA,141,0.645390070921986,22930,162.624113475177,1.47830621610346,0.142479252561916,10370
"Long","fixed",800,400,NA,NA,NA,NA,141,0.411347517730496,11570,82.0567375886525,1.35490797546012,0.1419206454271,4670
"Long","fixed",400,200,NA,NA,NA,NA,141,0.404255319148936,5840,41.4184397163121,1.34761904761905,0.140677630423611,3000
"Long","fixed",800,900,NA,NA,NA,NA,141,0.574468085106383,15410,109.290780141844,1.33616928446771,0.139268462200441,10040
"Long","fixed",900,1000,NA,NA,NA,NA,141,0.574468085106383,16270,115.390070921986,1.32128751974724,0.132713131063389,9040
"Long","fixed",700,600,NA,NA,NA,NA,141,0.524822695035461,11830,83.9007092198582,1.31058020477816,0.132524137222688,7530
"Long","fixed",600,100,NA,NA,NA,NA,141,0.198581560283688,5140,36.4539007092199,1.45486725663717,0.131736473773528,3000
"Short","trailing",NA,NA,400,50,NA,NA,141,0.680851063829787,18350,130.141843971631,1.39986925256047,0.128427765109317,6980
"Long","fixed",600,700,NA,NA,NA,NA,141,0.588652482269504,10960,77.7304964539007,1.29336188436831,0.125689953425344,8350
"Short","trailing",NA,NA,500,50,NA,NA,141,0.645390070921986,18580,131.77304964539,1.37034084114012,0.123620703150885,7240
"Long","fixed",700,800,NA,NA,NA,NA,141,0.574468085106383,12240,86.8085106382979,1.29101283880171,0.12355707428537,8660
"Short","fixed",1000,200,NA,NA,NA,NA,141,0.226950354609929,8400,59.5744680851064,1.38709677419355,0.122172279933348,3340
"Long","fixed",700,300,NA,NA,NA,NA,141,0.361702127659574,8110,57.5177304964539,1.30171130952381,0.120597443437281,4600
"Long","fixed",500,700,NA,NA,NA,NA,141,0.631205673758865,9480,67.2340425531915,1.27590221187427,0.118779611312272,7780
"Short","fixed",1000,300,NA,NA,NA,NA,141,0.304964539007092,9330,66.1702127659574,1.31952054794521,0.115884034564427,5900
"Long","fixed",700,500,NA,NA,NA,NA,141,0.475177304964539,9640,68.3687943262411,1.26792662590328,0.115754531777649,6770
"Long","fixed",600,600,NA,NA,NA,NA,141,0.553191489361702,9280,65.8156028368794,1.25749167591565,0.11276268766762,8430
"Long","fixed",1000,1000,NA,NA,NA,NA,141,0.539007092198582,14160,100.425531914894,1.26521820565649,0.110835538032012,8600
"Long","trailing",NA,NA,300,150,NA,NA,141,0.730496453900709,14150,100.354609929078,1.38398914518317,0.108867935409891,10670
"Short","trailing",NA,NA,300,50,NA,NA,141,0.723404255319149,13920,98.7234042553192,1.33349305222808,0.107978723965149,7130
"Long","fixed",300,200,NA,NA,NA,NA,141,0.453900709219858,3800,26.9503546099291,1.24675324675325,0.107877954777678,3400
"Long","fixed",400,100,NA,NA,NA,NA,141,0.24822695035461,3240,22.9787234042553,1.30566037735849,0.106781720987747,2300
"Long","fixed",800,1000,NA,NA,NA,NA,141,0.581560283687943,12410,88.0141843971631,1.25,0.106527045865965,10040
"Long","fixed",500,100,NA,NA,NA,NA,141,0.212765957446809,3640,25.8156028368794,1.32792792792793,0.105874134716853,2600
"Long","fixed",500,600,NA,NA,NA,NA,141,0.595744680851064,7900,56.0283687943262,1.23624401913876,0.104781535131236,7860
"Long","fixed",300,100,NA,NA,NA,NA,141,0.297872340425532,2700,19.1489361702128,1.27272727272727,0.104307609355402,2300
"Long","trailing",NA,NA,200,150,NA,NA,141,0.808510638297872,11940,84.6808510638298,1.41646320195326,0.10383066243693,10340
"Long","fixed",700,400,NA,NA,NA,NA,141,0.418439716312057,7820,55.4609929078014,1.24285714285714,0.103607771485015,4270
"Long","none",NA,NA,NA,NA,NA,NA,141,0.531914893617021,17140,121.560283687943,1.32254422280768,0.102742470612122,9490
"Long","fixed",600,500,NA,NA,NA,NA,141,0.50354609929078,7640,54.1843971631206,1.2248381400824,0.0998774293766664,7570
"Short","trailing",NA,NA,400,100,NA,NA,141,0.680851063829787,13810,97.9432624113475,1.30093702331663,0.0984188949910291,7620
"Short","trailing",NA,NA,500,100,NA,NA,141,0.645390070921986,14480,102.695035460993,1.28861869643213,0.09807132735241,7390
"Short","trailing",NA,NA,600,50,NA,NA,141,0.609929078014184,15440,109.503546099291,1.2774483378257,0.0968027816444643,9550
"Long","fixed",500,500,NA,NA,NA,NA,141,0.546099290780142,6460,45.8156028368794,1.20327249842668,0.0921726229322654,7000
"Long","fixed",700,900,NA,NA,NA,NA,141,0.581560283687943,9480,67.2340425531915,1.20826010544815,0.0906766068747762,9920
"Long","fixed",600,800,NA,NA,NA,NA,141,0.595744680851064,8090,57.3758865248227,1.19813862356111,0.0872821280134548,9660
"Short","fixed",900,200,NA,NA,NA,NA,141,0.226950354609929,5500,39.0070921985816,1.25345622119816,0.0871213506048149,3340
"Long","trailing",NA,NA,300,200,NA,NA,141,0.730496453900709,10960,77.7304964539007,1.29742198100407,0.0852327422019688,11020
"Long","fixed",600,300,NA,NA,NA,NA,141,0.375886524822695,5010,35.531914893617,1.19063926940639,0.0819724146944028,5400
"Long","fixed",500,800,NA,NA,NA,NA,141,0.638297872340426,6910,49.0070921985816,1.18461127437884,0.0811881185114406,9090
"Short","trailing",NA,NA,1000,50,NA,NA,141,0.531914893617021,14340,101.702127659574,1.2187643020595,0.0790677669177203,12600
"Short","trailing",NA,NA,900,50,NA,NA,141,0.546099290780142,13660,96.8794326241135,1.21461115475255,0.0771519651499931,12830
"Short","trailing",NA,NA,700,50,NA,NA,141,0.588652482269504,12680,89.9290780141844,1.21289456010745,0.077020020155901,13210
"Short","fixed",900,300,NA,NA,NA,NA,141,0.304964539007092,5630,39.9290780141844,1.19280821917808,0.0756434715584724,6900
"Long","fixed",600,400,NA,NA,NA,NA,141,0.439716312056738,5220,37.0212765957447,1.16838709677419,0.0754834285586279,5070
"Short","trailing",NA,NA,600,100,NA,NA,141,0.609929078014184,11790,83.6170212765958,1.21185983827493,0.0751841119468905,10450
"Long","trailing",NA,NA,300,250,NA,NA,141,0.730496453900709,9590,68.0141843971631,1.26024423337856,0.074349461426632,11310
"Short","trailing",NA,NA,800,50,NA,NA,141,0.560283687943262,12460,88.3687943262411,1.19796631712742,0.0716259310421573,13510
"Short","trailing",NA,NA,500,150,NA,NA,141,0.645390070921986,10380,73.6170212765958,1.20689655172414,0.0715702268701695,7850
"Long","fixed",500,400,NA,NA,NA,NA,141,0.482269503546099,4540,32.1985815602837,1.15547945205479,0.0715632354020355,4800
"Short","fixed",1000,100,NA,NA,NA,NA,141,0.120567375886525,3440,24.3971631205674,1.27741935483871,0.0709626170788998,2100
"Short","trailing",NA,NA,300,100,NA,NA,141,0.723404255319149,8870,62.9078014184397,1.21250598945855,0.0701612165548282,7380
"Long","fixed",500,300,NA,NA,NA,NA,141,0.411347517730496,3840,27.2340425531915,1.15421686746988,0.0692175783352041,4900
"Short","trailing",NA,NA,400,150,NA,NA,141,0.680851063829787,9400,66.6666666666667,1.20483765526258,0.0681983747280243,8870
"Short","fixed",500,200,NA,NA,NA,NA,141,0.319148936170213,3080,21.8439716312057,1.16041666666667,0.0670681010096053,2200
"Long","breakeven",NA,NA,NA,NA,700,10,141,0.631205673758865,10440,74.0425531914894,1.21583626214596,0.0658853418836247,12120
"Short","trailing",NA,NA,1000,100,NA,NA,141,0.531914893617021,11690,82.9078014184397,1.17833714721587,0.0654342332306792,13400
"Long","breakeven",NA,NA,NA,NA,700,0,141,0.411347517730496,10330,73.2624113475177,1.21356212528427,0.0651806231233583,11960
"Short","trailing",NA,NA,200,50,NA,NA,141,0.765957446808511,7760,55.0354609929078,1.20860215053763,0.0647118724131686,8620
"Long","fixed",400,700,NA,NA,NA,NA,141,0.659574468085106,4640,32.9078014184397,1.14454828660436,0.0643123605452074,7820
"Long","breakeven",NA,NA,NA,NA,1000,10,141,0.595744680851064,10170,72.1276595744681,1.20331867253099,0.0639077036871236,11490
"Long","breakeven",NA,NA,NA,NA,800,10,141,0.624113475177305,10110,71.7021276595745,1.20764017252002,0.0637756414121571,12120
"Long","breakeven",NA,NA,NA,NA,1000,0,141,0.439716312056738,10150,71.9858156028369,1.20291883246701,0.0637740357429317,11320
"Long","breakeven",NA,NA,NA,NA,1000,50,141,0.595744680851064,10120,71.7730496453901,1.20231907237105,0.0637681583806434,11330
"Long","breakeven",NA,NA,NA,NA,800,0,141,0.411347517730496,10010,70.9929078014184,1.20558636270281,0.0631349655278742,11960
"Long","fixed",400,600,NA,NA,NA,NA,141,0.631205673758865,4260,30.2127659574468,1.13795336787565,0.0629030115729945,6400
"Long","breakeven",NA,NA,NA,NA,700,50,141,0.631205673758865,9890,70.1418439716312,1.2044655778375,0.0627179245993232,11920
"Short","trailing",NA,NA,900,100,NA,NA,141,0.546099290780142,10910,77.3758865248227,1.17140612725844,0.0625650769843321,13630
"Long","breakeven",NA,NA,NA,NA,900,50,141,0.617021276595745,9900,70.2127659574468,1.20093363101279,0.062550876885767,11920
"Long","breakeven",NA,NA,NA,NA,700,20,141,0.631205673758865,9760,69.2198581560284,1.20177796154641,0.0617571108901181,12070
"Long","breakeven",NA,NA,NA,NA,900,10,141,0.617021276595745,9750,69.1489361702128,1.19788918205805,0.0614307147922944,12120
"Long","breakeven",NA,NA,NA,NA,900,0,141,0.425531914893617,9680,68.6524822695036,1.1964684392125,0.0609809175601776,11960
"Long","breakeven",NA,NA,NA,NA,800,50,141,0.624113475177305,9520,67.5177304964539,1.19552269459848,0.0603455663131225,11920
"Long","breakeven",NA,NA,NA,NA,800,20,141,0.624113475177305,9420,66.8085106382979,1.19346888478127,0.0595806310360197,12070
"Long","breakeven",NA,NA,NA,NA,1000,20,141,0.595744680851064,9400,66.6666666666667,1.18792483006797,0.0592230666066758,11450
"Short","trailing",NA,NA,700,100,NA,NA,141,0.588652482269504,9380,66.5248226950355,1.15748824714574,0.0579286068006044,14210
"Long","fixed",700,1000,NA,NA,NA,NA,141,0.588652482269504,6380,45.2482269503546,1.12935928629359,0.0577562448710415,10020
"Long","breakeven",NA,NA,NA,NA,900,20,141,0.617021276595745,9030,64.0425531914894,1.1832758270753,0.0570449433246484,12070
"Short","trailing",NA,NA,800,100,NA,NA,141,0.560283687943262,9510,67.4468085106383,1.1510962821735,0.0555255365114248,14410
"Long","fixed",600,900,NA,NA,NA,NA,141,0.602836879432624,5330,37.8014184397163,1.12061552387418,0.0542806254941744,10920
"Short","fixed",800,200,NA,NA,NA,NA,141,0.226950354609929,3140,22.2695035460993,1.14470046082949,0.0539524885722938,3200
"Short","trailing",NA,NA,600,150,NA,NA,141,0.609929078014184,8140,57.7304964539007,1.14627133872417,0.0528006135805693,11350
"Short","fixed",800,300,NA,NA,NA,NA,141,0.312056737588652,3570,25.3191489361702,1.12352941176471,0.0513959439329878,7300
"Short","trailing",NA,NA,1000,150,NA,NA,141,0.531914893617021,9040,64.113475177305,1.13790999237223,0.051373300366693,14200
"Long","fixed",500,900,NA,NA,NA,NA,141,0.645390070921986,4450,31.5602836879433,1.11017578608566,0.049221845288554,10950
"Long","fixed",400,300,NA,NA,NA,NA,141,0.453900709219858,2340,16.5957446808511,1.1012987012987,0.0475849014592186,3500
"Short","trailing",NA,NA,900,150,NA,NA,141,0.546099290780142,8160,57.8723404255319,1.12820109976434,0.0475160668823367,14430
"Short","trailing",NA,NA,500,200,NA,NA,141,0.645390070921986,6770,48.0141843971631,1.13494119992027,0.0474389764651542,8870
"Short","fixed",1000,400,NA,NA,NA,NA,141,0.326241134751773,3990,28.2978723404255,1.10628662759723,0.045001404621762,9800
"Short","fixed",900,100,NA,NA,NA,NA,141,0.120567375886525,1940,13.758865248227,1.15645161290323,0.0438946386943839,2300
"Short","fixed",500,300,NA,NA,NA,NA,141,0.397163120567376,2280,16.1702127659574,1.08941176470588,0.0413191945228494,3900
"Short","trailing",NA,NA,400,200,NA,NA,141,0.680851063829787,5510,39.0780141843972,1.12006973196775,0.0406181848176901,9960
"Short","trailing",NA,NA,800,150,NA,NA,141,0.560283687943262,6780,48.0851063829787,1.10772163965682,0.0401775676611276,15310
"Short","trailing",NA,NA,700,150,NA,NA,141,0.588652482269504,6380,45.2482269503546,1.10711887172599,0.0400169087715455,15210
"Long","fixed",400,500,NA,NA,NA,NA,141,0.574468085106383,2460,17.4468085106383,1.08260577568838,0.0392632992707475,6200
"Long","breakeven",NA,NA,NA,NA,500,0,141,0.319148936170213,5450,38.6524822695035,1.13257115057164,0.0385678849374887,12540
"Short","trailing",NA,NA,1000,200,NA,NA,141,0.531914893617021,6520,46.241134751773,1.09946605644546,0.0376018836753739,15000
"Long","fixed",200,200,NA,NA,NA,NA,141,0.517730496453901,1000,7.09219858156028,1.07352941176471,0.0353572585054612,2800
"Long","breakeven",NA,NA,NA,NA,500,50,141,0.680851063829787,4800,34.0425531914894,1.11675991243007,0.0345370375987439,12190
"Short","trailing",NA,NA,900,200,NA,NA,141,0.546099290780142,5430,38.5106382978723,1.085310290652,0.0321065041942715,15230
"Long","breakeven",NA,NA,NA,NA,600,10,141,0.645390070921986,4910,34.822695035461,1.10241969128077,0.0317813132755039,12340
"Short","trailing",NA,NA,300,150,NA,NA,141,0.723404255319149,3870,27.4468085106383,1.09271681839962,0.0312164767721709,8550
"Short","trailing",NA,NA,600,200,NA,NA,141,0.609929078014184,4710,33.4042553191489,1.08463611859838,0.0310470185590846,12250
"Long","breakeven",NA,NA,NA,NA,600,0,141,0.368794326241135,4720,33.4751773049645,1.09845640383813,0.0305466637533011,12190
"Long","breakeven",NA,NA,NA,NA,600,50,141,0.645390070921986,4680,33.1914893617021,1.09762202753442,0.0304516890633535,12100
"Long","fixed",400,800,NA,NA,NA,NA,141,0.666666666666667,2270,16.0992907801418,1.06509893891597,0.0293626994433529,9630
"Long","breakeven",NA,NA,NA,NA,500,10,141,0.680851063829787,4090,29.0070921985816,1.09948917538312,0.0293039737390855,12470
"Long","breakeven",NA,NA,NA,NA,600,20,141,0.645390070921986,4310,30.5673758865248,1.08990404672507,0.0279800717768186,12280
"Short","trailing",NA,NA,500,250,NA,NA,141,0.645390070921986,3790,26.8794326241135,1.07554315327885,0.0269129382750059,9970
"Long","breakeven",NA,NA,NA,NA,500,20,141,0.680851063829787,3610,25.6028368794326,1.08781318414011,0.0259594974853744,12400
"Long","fixed",100,700,NA,NA,NA,NA,141,0.879432624113475,920,6.52482269503546,1.0801393728223,0.0255190970541931,2300
"Short","trailing",NA,NA,800,200,NA,NA,141,0.560283687943262,4120,29.2198581560284,1.06545916746107,0.024774540157371,16140
"Short","fixed",600,200,NA,NA,NA,NA,141,0.26241134751773,1180,8.36879432624113,1.05700483091787,0.0239049004155051,3400
"Long","breakeven",NA,NA,NA,NA,400,0,141,0.276595744680851,3220,22.8368794326241,1.08487084870849,0.0238728760810228,12540
"Long","breakeven",NA,NA,NA,NA,400,50,141,0.709219858156028,3070,21.7730496453901,1.08091723774381,0.0231817482727501,12190
"Short","trailing",NA,NA,1000,250,NA,NA,141,0.531914893617021,3890,27.5886524822695,1.05934401220442,0.0227782701453607,15800
"Short","trailing",NA,NA,200,100,NA,NA,141,0.765957446808511,2610,18.5106382978723,1.07016129032258,0.0221763267975666,10370
"Short","trailing",NA,NA,700,200,NA,NA,141,0.588652482269504,3370,23.9007092198582,1.05658159838818,0.0214682225542114,16140
"Long","fixed",600,1000,NA,NA,NA,NA,141,0.609929078014184,2230,15.8156028368794,1.04656504489455,0.0214158024212684,11520
"Short","fixed",500,100,NA,NA,NA,NA,141,0.177304964539007,680,4.82269503546099,1.05862068965517,0.0212144087088414,2000
"Long","fixed",400,400,NA,NA,NA,NA,141,0.51063829787234,1040,7.3758865248227,1.03768115942029,0.0184191997549088,4400
"Short","trailing",NA,NA,400,250,NA,NA,141,0.680851063829787,2420,17.1631205673759,1.05273480061015,0.0180627215184198,10990
"Short","trailing",NA,NA,900,250,NA,NA,141,0.546099290780142,2990,21.2056737588652,1.04697564807541,0.0179314042841897,16030
"Short","fixed",400,200,NA,NA,NA,NA,141,0.340425531914894,600,4.25531914893617,1.03225806451613,0.0149139392098475,2200
"Long","breakeven",NA,NA,NA,NA,400,10,141,0.709219858156028,1960,13.9007092198582,1.05166051660517,0.0147329041785743,12470
"Short","fixed",600,300,NA,NA,NA,NA,141,0.340425531914894,780,5.53191489361702,1.02815884476534,0.0130171493034371,6000
"Short","trailing",NA,NA,600,250,NA,NA,141,0.609929078014184,1850,13.1205673758865,1.03324348607367,0.0123646080172508,13150
"Long","fixed",100,600,NA,NA,NA,NA,141,0.858156028368794,420,2.97872340425532,1.03595890410959,0.0123630346452577,2100
"Long","breakeven",NA,NA,NA,NA,400,20,141,0.709219858156028,1580,11.2056737588652,1.04164470216131,0.0119250322843053,12400
"Short","trailing",NA,NA,800,250,NA,NA,141,0.560283687943262,1910,13.5460992907801,1.03034636161424,0.0116330053680043,16990
"Short","fixed",800,100,NA,NA,NA,NA,141,0.120567375886525,440,3.12056737588652,1.03548387096774,0.0110178176658058,2600
"Short","trailing",NA,NA,1000,300,NA,NA,141,0.531914893617021,1600,11.3475177304965,1.02440884820748,0.0094953523806181,16600
"Long","breakeven",NA,NA,NA,NA,200,0,141,0.177304964539007,1070,7.5886524822695,1.03732124171608,0.00898107249935119,11380
"Short","trailing",NA,NA,500,300,NA,NA,141,0.645390070921986,1020,7.23404255319149,1.02033087502492,0.00733401008946289,11160
"Long","fixed",300,300,NA,NA,NA,NA,141,0.50354609929078,300,2.12765957446809,1.01428571428571,0.00706718193012767,4200
"Short","fixed",700,300,NA,NA,NA,NA,141,0.312056737588652,400,2.83687943262411,1.01384083044983,0.0062472233219067,8300
"Short","trailing",NA,NA,1000,350,NA,NA,141,0.531914893617021,1050,7.4468085106383,1.01601830663616,0.00624710712828399,16530
"Short","trailing",NA,NA,700,250,NA,NA,141,0.588652482269504,950,6.73758865248227,1.01595030221625,0.00613071628953662,17090
"Short","trailing",NA,NA,900,300,NA,NA,141,0.546099290780142,990,7.02127659574468,1.01555380989788,0.00600838869748567,16670
"Short","fixed",700,200,NA,NA,NA,NA,141,0.226950354609929,280,1.98581560283688,1.01290322580645,0.00530760737250752,4300
"Long","fixed",100,400,NA,NA,NA,NA,141,0.801418439716312,100,0.709219858156028,1.00892857142857,0.00354295976002673,2000
"Short","trailing",NA,NA,1000,400,NA,NA,141,0.531914893617021,590,4.18439716312057,1.00900076277651,0.00351768943861942,16220
"Long","fixed",500,1000,NA,NA,NA,NA,141,0.645390070921986,150,1.06382978723404,1.0033564555829,0.00155096886025808,13350
"Long","breakeven",NA,NA,NA,NA,200,10,141,0.808510638297872,90,0.638297872340426,1.00313916986397,0.000769070093200174,11290
"Short","trailing",NA,NA,500,350,NA,NA,141,0.645390070921986,50,0.354609929078014,1.00099661152083,0.000358336185884907,12520
"Long","fixed",400,900,NA,NA,NA,NA,141,0.673758865248227,10,0.0709219858156028,1.00026645350386,0.000121285057294271,11390
"Long","breakeven",NA,NA,NA,NA,200,20,141,0.808510638297872,-10,-0.0709219858156028,0.999651203348448,-8.5904581343967e-05,11200
"Short","fixed",900,400,NA,NA,NA,NA,141,0.326241134751773,-10,-0.0709219858156028,0.999733617474694,-0.000121285057294271,10900
"Short","fixed",1000,500,NA,NA,NA,NA,141,0.354609929078014,-150,-1.06382978723404,0.996654772524532,-0.00155096886025808,12000
"Short","trailing",NA,NA,300,200,NA,NA,141,0.723404255319149,-280,-1.98581560283688,0.9932918064207,-0.00229496356965864,11400
"Short","trailing",NA,NA,900,350,NA,NA,141,0.546099290780142,-400,-2.83687943262411,0.993715632364493,-0.00244225963351618,17340
"Short","trailing",NA,NA,600,300,NA,NA,141,0.609929078014184,-520,-3.68794326241135,0.990655884995508,-0.00351855707242855,13980
"Short","trailing",NA,NA,800,300,NA,NA,141,0.560283687943262,-630,-4.46808510638298,0.989990467111535,-0.00388916373988823,17840
"Short","trailing",NA,NA,1000,450,NA,NA,141,0.531914893617021,-670,-4.75177304964539,0.98977879481312,-0.00401735763395885,16920
"Short","trailing",NA,NA,500,400,NA,NA,141,0.645390070921986,-690,-4.8936170212766,0.986246761012557,-0.00492336447419257,13090
"Long","fixed",200,700,NA,NA,NA,NA,141,0.773049645390071,-280,-1.98581560283688,0.987261146496815,-0.00530760737250752,3900
"Short","fixed",400,300,NA,NA,NA,NA,141,0.425531914893617,-300,-2.12765957446809,0.987654320987654,-0.00612575384911079,5400
"Short","trailing",NA,NA,900,400,NA,NA,141,0.546099290780142,-1020,-7.23404255319149,0.983974862529458,-0.00624302733743762,17080
"Long","fixed",300,700,NA,NA,NA,NA,141,0.687943262411348,-400,-2.83687943262411,0.986348122866894,-0.0062472233219067,8420
"Short","trailing",NA,NA,900,500,NA,NA,141,0.546099290780142,-1060,-7.5177304964539,0.983346425765907,-0.00647315383187243,17620
"Short","trailing",NA,NA,900,450,NA,NA,141,0.546099290780142,-1170,-8.29787234042553,0.981618224666143,-0.00714807746330205,17830
"Short","trailing",NA,NA,700,300,NA,NA,141,0.588652482269504,-1120,-7.94326241134752,0.981195433176629,-0.00730124329231499,17900
"Short","trailing",NA,NA,600,350,NA,NA,141,0.609929078014184,-1190,-8.43971631205674,0.978616352201258,-0.00803764653166062,14780
"Short","trailing",NA,NA,1000,500,NA,NA,141,0.531914893617021,-1370,-9.71631205673759,0.979099923722349,-0.00825085632200648,17620
"Short","trailing",NA,NA,800,350,NA,NA,141,0.560283687943262,-1360,-9.64539007092199,0.978392119478869,-0.00841447859187281,18440
"Short","trailing",NA,NA,500,450,NA,NA,141,0.645390070921986,-1200,-8.51063829787234,0.9760813235001,-0.00853670322838302,14490
"Long","fixed",100,800,NA,NA,NA,NA,141,0.879432624113475,-440,-3.12056737588652,0.965732087227414,-0.0110178176658058,2560
"Short","trailing",NA,NA,400,300,NA,NA,141,0.680851063829787,-1570,-11.1347517730496,0.965787753323164,-0.0119058530937223,12160
"Short","trailing",NA,NA,800,500,NA,NA,141,0.560283687943262,-1970,-13.9716312056738,0.968700349539244,-0.0121642866948435,18760
"Long","breakeven",NA,NA,NA,NA,300,0,141,0.234042553191489,-1580,-11.2056737588652,0.957123473541384,-0.012169009749987,12180
"Short","trailing",NA,NA,800,450,NA,NA,141,0.560283687943262,-2000,-14.1843971631206,0.968223705115983,-0.0123594491810437,18870
"Short","trailing",NA,NA,800,400,NA,NA,141,0.560283687943262,-2080,-14.7517730496454,0.966952653320623,-0.0128985086989107,18020
"Long","fixed",300,600,NA,NA,NA,NA,141,0.659574468085106,-780,-5.53191489361702,0.972612359550562,-0.0130171493034371,6900
"Long","fixed",200,100,NA,NA,NA,NA,141,0.326241134751773,-300,-2.12765957446809,0.968421052631579,-0.0150734874268658,2000
"Short","trailing",NA,NA,700,350,NA,NA,141,0.588652482269504,-2350,-16.6666666666667,0.960543989254533,-0.0153525349806032,18750
"Short","trailing",NA,NA,600,400,NA,NA,141,0.609929078014184,-2440,-17.3049645390071,0.956154537286613,-0.0164990697724831,14690
"Short","trailing",NA,NA,400,350,NA,NA,141,0.680851063829787,-2620,-18.5815602836879,0.942906951405535,-0.0197383025472457,13170
"Short","trailing",NA,NA,600,450,NA,NA,141,0.609929078014184,-3000,-21.2765957446809,0.946091644204852,-0.0202653303363398,15920
"Short","trailing",NA,NA,300,250,NA,NA,141,0.723404255319149,-2570,-18.2269503546099,0.938428366075707,-0.0211968863276384,12340
"Short","fixed",1000,600,NA,NA,NA,NA,141,0.390070921985816,-2230,-15.8156028368794,0.955506783719074,-0.0214158024212684,13030
"Long","breakeven",NA,NA,NA,NA,300,10,141,0.730496453900709,-2750,-19.5035460992908,0.925373134328358,-0.0215054493818611,12100
"Short","fixed",400,100,NA,NA,NA,NA,141,0.191489361702128,-600,-4.25531914893617,0.947368421052632,-0.0215526859038368,2500
"Long","fixed",300,400,NA,NA,NA,NA,141,0.560283687943262,-1100,-7.80141843971631,0.955645161290323,-0.0223737981798223,5800
"Short","trailing",NA,NA,200,150,NA,NA,141,0.765957446808511,-2660,-18.8652482269504,0.928494623655914,-0.0230401007268194,12880
"Long","breakeven",NA,NA,NA,NA,300,20,141,0.730496453900709,-3040,-21.5602836879433,0.917503392130258,-0.0238804048675071,12020
"Long","fixed",200,600,NA,NA,NA,NA,141,0.737588652482269,-1180,-8.36879432624113,0.946069469835466,-0.0239049004155051,3900
"Long","breakeven",NA,NA,NA,NA,300,50,141,0.730496453900709,-3040,-21.5602836879433,0.917503392130258,-0.0241678474244046,11780
"Short","trailing",NA,NA,700,400,NA,NA,141,0.588652482269504,-3700,-26.241134751773,0.937877770315648,-0.0242333733427287,18710
"Short","fixed",700,100,NA,NA,NA,NA,141,0.120567375886525,-920,-6.52482269503546,0.925806451612903,-0.0255190970541931,3500
"Long","breakeven",NA,NA,NA,NA,200,50,141,0.808510638297872,-2910,-20.6382978723404,0.898500174398326,-0.0261242120307632,10930
"Short","trailing",NA,NA,600,500,NA,NA,141,0.609929078014184,-3970,-28.1560283687943,0.928661275831087,-0.0269067203006009,15510
"Short","fixed",800,400,NA,NA,NA,NA,141,0.333333333333333,-2270,-16.0992907801418,0.938879913839526,-0.0293626994433529,11200
"Short","trailing",NA,NA,700,450,NA,NA,141,0.588652482269504,-4820,-34.1843971631206,0.919073203492277,-0.0316904904335551,19660
"Short","fixed",400,400,NA,NA,NA,NA,141,0.482269503546099,-1840,-13.0496453900709,0.9366391184573,-0.0325996811272019,5200
"Short","fixed",600,100,NA,NA,NA,NA,141,0.134751773049645,-1120,-7.94326241134752,0.908196721311475,-0.0337183483590919,3400
"Short","fixed",300,200,NA,NA,NA,NA,141,0.382978723404255,-1200,-8.51063829787234,0.931034482758621,-0.0348906609848725,2600
"Short","trailing",NA,NA,700,500,NA,NA,141,0.588652482269504,-5330,-37.8014184397163,0.91051040967092,-0.0351421874597999,18950
"Long","fixed",200,300,NA,NA,NA,NA,141,0.581560283687943,-1300,-9.21985815602837,0.926553672316384,-0.0372473069117251,3600
"Short","fixed",300,100,NA,NA,NA,NA,141,0.234042553191489,-900,-6.38297872340426,0.916666666666667,-0.0375550316168433,1900
"Long","fixed",100,500,NA,NA,NA,NA,141,0.815602836879433,-1280,-9.07801418439716,0.899843505477308,-0.0393086558011595,2800
"Long","fixed",100,300,NA,NA,NA,NA,141,0.730496453900709,-1100,-7.80141843971631,0.903508771929825,-0.0438002656660166,2700
"Long","fixed",100,900,NA,NA,NA,NA,141,0.879432624113475,-1940,-13.758865248227,0.864714086471409,-0.0438946386943839,3360
"Long","fixed",200,400,NA,NA,NA,NA,141,0.645390070921986,-1800,-12.7659574468085,0.91,-0.0443169657507726,3200
"Long","fixed",400,1000,NA,NA,NA,NA,141,0.673758865248227,-3990,-28.2978723404255,0.90392487358536,-0.045001404621762,13690
"Short","fixed",200,100,NA,NA,NA,NA,141,0.312056737588652,-900,-6.38297872340426,0.907216494845361,-0.0457576288003604,2100
"Short","fixed",900,500,NA,NA,NA,NA,141,0.354609929078014,-4450,-31.5602836879433,0.900758251561106,-0.049221845288554,13300
"Short","fixed",300,300,NA,NA,NA,NA,141,0.475177304964539,-2100,-14.8936170212766,0.905405405405405,-0.0495301045428514,4200
"Long","fixed",300,800,NA,NA,NA,NA,141,0.687943262411348,-3570,-25.3191489361702,0.890052356020942,-0.0513959439329878,9990
"Short","fixed",500,400,NA,NA,NA,NA,141,0.418439716312057,-3360,-23.8297872340426,0.897058823529412,-0.0537516833278372,7400
"Long","fixed",200,800,NA,NA,NA,NA,141,0.773049645390071,-3140,-22.2695035460993,0.873590982286634,-0.0539524885722938,5260
"Short","fixed",900,600,NA,NA,NA,NA,141,0.397163120567376,-5330,-37.8014184397163,0.892366720516963,-0.0542806254941744,14530
"Short","fixed",1000,700,NA,NA,NA,NA,141,0.411347517730496,-6380,-45.2482269503546,0.885457809694793,-0.0577562448710415,15800
"Long","breakeven",NA,NA,NA,NA,100,20,141,0.907801418439716,-4120,-29.2198581560284,0.716253443526171,-0.0595795550336029,7950
"Short","fixed",300,400,NA,NA,NA,NA,141,0.539007092198582,-3040,-21.5602836879433,0.882352941176471,-0.0617412710705807,3900
"Short","fixed",600,400,NA,NA,NA,NA,141,0.368794326241135,-4260,-30.2127659574468,0.87877063175868,-0.0629030115729945,8800
"Short","fixed",700,400,NA,NA,NA,NA,141,0.340425531914894,-4640,-32.9078014184397,0.873707131192161,-0.0643123605452074,11200
"Short","trailing",NA,NA,100,50,NA,NA,141,0.843971631205674,-5870,-41.6312056737589,0.783952889216047,-0.067664894299262,9640
"Long","fixed",300,500,NA,NA,NA,NA,141,0.588652482269504,-3880,-27.5177304964539,0.865184155663655,-0.0699085870843658,7400
"Long","fixed",100,1000,NA,NA,NA,NA,141,0.879432624113475,-3440,-24.3971631205674,0.782828282828283,-0.0709626170788998,4460
"Long","fixed",100,200,NA,NA,NA,NA,141,0.631205673758865,-1500,-10.6382978723404,0.855769230769231,-0.073236535358923,2400
"Long","fixed",300,900,NA,NA,NA,NA,141,0.695035460992908,-5630,-39.9290780141844,0.838357737582544,-0.0756434715584724,11650
"Long","breakeven",NA,NA,NA,NA,100,10,141,0.907801418439716,-5320,-37.7304964539007,0.633608815426997,-0.0770660681230945,8730
"Short","fixed",200,200,NA,NA,NA,NA,141,0.460992907801418,-2200,-15.6028368794326,0.855263157894737,-0.0779746935394582,3400
"Short","fixed",800,500,NA,NA,NA,NA,141,0.361702127659574,-6910,-49.0070921985816,0.844158773116825,-0.0811881185114406,13800
"Long","fixed",200,500,NA,NA,NA,NA,141,0.673758865248227,-3780,-26.8085106382979,0.834064969271291,-0.0818275672013679,5400
"Short","fixed",300,500,NA,NA,NA,NA,141,0.581560283687943,-4640,-32.9078014184397,0.841313269493844,-0.0834228499845501,5300
"Short","fixed",400,500,NA,NA,NA,NA,141,0.51063829787234,-5440,-38.5815602836879,0.841121495327103,-0.085710024115777,7300
"Long","breakeven",NA,NA,NA,NA,100,50,141,0.907801418439716,-5250,-37.2340425531915,0.638429752066116,-0.0866493593438253,7170
"Long","fixed",200,900,NA,NA,NA,NA,141,0.773049645390071,-5500,-39.0070921985816,0.797794117647059,-0.0871213506048149,7020
"Short","fixed",800,600,NA,NA,NA,NA,141,0.404255319148936,-8090,-57.3758865248227,0.834627964022895,-0.0872821280134548,15630
"Short","fixed",400,600,NA,NA,NA,NA,141,0.553191489361702,-6220,-44.113475177305,0.831070070613797,-0.0897855408693981,7630
"Short","fixed",900,700,NA,NA,NA,NA,141,0.418439716312057,-9480,-67.2340425531915,0.827636363636364,-0.0906766068747762,17300
"Long","breakeven",NA,NA,NA,NA,100,0,141,0.0567375886524823,-6520,-46.241134751773,0.550964187327824,-0.0946084868413423,9510
"Short","fixed",300,600,NA,NA,NA,NA,141,0.617021276595745,-5910,-41.9148936170213,0.814675446848542,-0.0963319296366319,6150
"Short","breakeven",NA,NA,NA,NA,500,50,141,0.645390070921986,-13400,-95.0354609929078,0.73290811241778,-0.0972012362464961,18980
"Short","breakeven",NA,NA,NA,NA,500,0,141,0.290780141843972,-13640,-96.7375886524823,0.7281243771178,-0.0979881640517284,18620
"Short","breakeven",NA,NA,NA,NA,500,20,141,0.645390070921986,-13870,-98.3687943262411,0.723539964121985,-0.100224995463296,19090
"Short","none",NA,NA,NA,NA,NA,NA,141,0.468085106382979,-17140,-121.560283687943,0.756118383608423,-0.102742470612122,23250
"Short","fixed",400,700,NA,NA,NA,NA,141,0.581560283687943,-7820,-55.4609929078014,0.804597701149425,-0.103607771485015,9280
"Short","breakeven",NA,NA,NA,NA,500,10,141,0.645390070921986,-14380,-101.985815602837,0.713374526609528,-0.10395555785608,19480
"Short","fixed",600,500,NA,NA,NA,NA,141,0.404255319148936,-7900,-56.0283687943262,0.808901790033866,-0.104781535131236,12100
"Short","fixed",1000,800,NA,NA,NA,NA,141,0.418439716312057,-12410,-88.0141843971631,0.8,-0.106527045865965,20200
"Short","fixed",500,500,NA,NA,NA,NA,141,0.446808510638298,-7460,-52.9078014184397,0.807434176561693,-0.106593053119126,10500
"Short","fixed",1000,1000,NA,NA,NA,NA,141,0.460992907801418,-14160,-100.425531914894,0.790377498149519,-0.110835538032012,21240
"Short","breakeven",NA,NA,NA,NA,900,20,141,0.546099290780142,-17430,-123.617021276596,0.726158680282797,-0.111497508359747,21560
"Short","breakeven",NA,NA,NA,NA,900,10,141,0.546099290780142,-17610,-124.893617021277,0.723330714846819,-0.112665357266638,21630
"Short","fixed",600,600,NA,NA,NA,NA,141,0.446808510638298,-9280,-65.8156028368794,0.795233892321271,-0.11276268766762,13030
"Short","breakeven",NA,NA,NA,NA,900,0,141,0.418439716312057,-17790,-126.170212765957,0.720502749410841,-0.113832509670059,21700
"Short","fixed",500,600,NA,NA,NA,NA,141,0.48936170212766,-8740,-61.9858156028369,0.792989104689721,-0.114282357165216,11330
"Short","breakeven",NA,NA,NA,NA,900,50,141,0.546099290780142,-17950,-127.304964539007,0.717989002356638,-0.115267575910329,21380
"Short","fixed",500,700,NA,NA,NA,NA,141,0.524822695035461,-9640,-68.3687943262411,0.788689171416046,-0.115754531777649,11130
"Long","fixed",300,1000,NA,NA,NA,NA,141,0.695035460992908,-9330,-66.1702127659574,0.757851025175188,-0.115884034564427,13850
"Short","breakeven",NA,NA,NA,NA,400,0,141,0.25531914893617,-15200,-107.801418439716,0.668773153192417,-0.116825285662094,19650
"Short","fixed",700,500,NA,NA,NA,NA,141,0.368794326241135,-9480,-67.2340425531915,0.783759124087591,-0.118779611312272,14500
"Short","breakeven",NA,NA,NA,NA,1000,50,141,0.531914893617021,-18890,-133.971631205674,0.711823035850496,-0.12029033827647,21380
"Short","fixed",300,700,NA,NA,NA,NA,141,0.638297872340426,-8110,-57.5177304964539,0.768219491283224,-0.120597443437281,9270
"Short","fixed",100,400,NA,NA,NA,NA,141,0.74468085106383,-3740,-26.5248226950355,0.737359550561798,-0.122086723729401,4700
"Long","fixed",200,1000,NA,NA,NA,NA,141,0.773049645390071,-8400,-59.5744680851064,0.720930232558139,-0.122172279933348,9520
"Short","breakeven",NA,NA,NA,NA,600,0,141,0.333333333333333,-17820,-126.382978723404,0.679784366576819,-0.123105295673007,22200
"Short","breakeven",NA,NA,NA,NA,1000,20,141,0.531914893617021,-19370,-137.375886524823,0.704500381388253,-0.123405178896047,21560
"Short","fixed",800,700,NA,NA,NA,NA,141,0.425531914893617,-12240,-86.8085106382979,0.774585635359116,-0.12355707428537,18200
"Short","breakeven",NA,NA,NA,NA,1000,10,141,0.531914893617021,-19530,-138.510638297872,0.702059496567506,-0.124442083473615,21630
"Short","breakeven",NA,NA,NA,NA,1000,0,141,0.418439716312057,-19690,-139.645390070922,0.699618611746758,-0.125478256703737,21700
"Short","fixed",700,600,NA,NA,NA,NA,141,0.411347517730496,-10960,-77.7304964539007,0.77317880794702,-0.125689953425344,15730
"Short","breakeven",NA,NA,NA,NA,600,50,141,0.609929078014184,-18130,-128.581560283688,0.674213836477987,-0.126439785150647,23060
"Short","breakeven",NA,NA,NA,NA,600,20,141,0.609929078014184,-18270,-129.574468085106,0.671698113207547,-0.126930753600265,22870
"Short","breakeven",NA,NA,NA,NA,600,10,141,0.609929078014184,-18670,-132.41134751773,0.664510332434861,-0.129761702813481,23160
"Short","fixed",100,200,NA,NA,NA,NA,141,0.602836879432624,-2700,-19.1489361702128,0.758928571428571,-0.129985076644158,3500
"Short","fixed",100,600,NA,NA,NA,NA,141,0.801418439716312,-5140,-36.4539007092199,0.687347931873479,-0.131736473773528,5400
"Short","fixed",600,700,NA,NA,NA,NA,141,0.475177304964539,-11830,-83.9007092198582,0.763020833333333,-0.132524137222688,14280
"Short","fixed",1000,900,NA,NA,NA,NA,141,0.425531914893617,-16270,-115.390070921986,0.756837542968166,-0.132713131063389,20960
"Short","breakeven",NA,NA,NA,NA,300,0,141,0.205673758865248,-16220,-115.035460992908,0.611403929084811,-0.134497605904076,21330
"Short","breakeven",NA,NA,NA,NA,700,20,141,0.588652482269504,-19910,-141.205673758865,0.66571524513096,-0.134630963756286,24510
"Short","breakeven",NA,NA,NA,NA,800,20,141,0.560283687943262,-20710,-146.879432624113,0.670956466476009,-0.135384854861952,23610
"Short","fixed",100,100,NA,NA,NA,NA,141,0.432624113475177,-1900,-13.4751773049645,0.7625,-0.135509004810894,2500
"Short","breakeven",NA,NA,NA,NA,700,50,141,0.588652482269504,-20010,-141.914893617021,0.664036265950302,-0.135833278543471,24940
"Short","breakeven",NA,NA,NA,NA,700,10,141,0.588652482269504,-20230,-143.475177304965,0.660342511752854,-0.136839539978844,24720
"Short","breakeven",NA,NA,NA,NA,800,10,141,0.560283687943262,-20940,-148.510638297872,0.667302192564347,-0.136919500846039,23690
"Short","fixed",100,500,NA,NA,NA,NA,141,0.773049645390071,-4840,-34.3262411347518,0.692503176620076,-0.137450653099541,5500
"Short","breakeven",NA,NA,NA,NA,800,50,141,0.560283687943262,-21080,-149.503546099291,0.665077851922466,-0.138346603041004,24120
"Short","breakeven",NA,NA,NA,NA,800,0,141,0.397163120567376,-21170,-150.141843971631,0.663647918652685,-0.138453232634068,23770
"Short","breakeven",NA,NA,NA,NA,700,0,141,0.361702127659574,-20550,-145.744680851064,0.654969778374748,-0.139047339981607,24930
"Short","fixed",900,800,NA,NA,NA,NA,141,0.425531914893617,-15410,-109.290780141844,0.748408163265306,-0.139268462200441,21700
"Short","breakeven",NA,NA,NA,NA,400,50,141,0.680851063829787,-17670,-125.31914893617,0.614948790586184,-0.141633908822544,21340
"Short","fixed",400,800,NA,NA,NA,NA,141,0.588652482269504,-11570,-82.0567375886525,0.738057505093955,-0.1419206454271,12530
"Short","fixed",900,1000,NA,NA,NA,NA,141,0.468085106382979,-17540,-124.397163120567,0.737543019601975,-0.143663177118402,23240
"Short","fixed",100,700,NA,NA,NA,NA,141,0.815602836879433,-6240,-44.2553191489362,0.648252536640361,-0.14422745964971,6500
"Short","breakeven",NA,NA,NA,NA,400,20,141,0.680851063829787,-18300,-129.787234042553,0.601220309435607,-0.146021324785499,21550
"Short","fixed",200,300,NA,NA,NA,NA,141,0.524822695035461,-5300,-37.5886524822695,0.736318407960199,-0.150005459472636,6500
"Short","breakeven",NA,NA,NA,NA,400,10,141,0.680851063829787,-18930,-134.255319148936,0.587491828285029,-0.151174943647025,22040
"Short","fixed",700,700,NA,NA,NA,NA,141,0.439716312056738,-14230,-100.921985815603,0.733620366903781,-0.15123435310489,18200
"Short","fixed",200,400,NA,NA,NA,NA,141,0.588652482269504,-6440,-45.6737588652482,0.720486111111111,-0.154699626047319,7000
"Short","fixed",500,1000,NA,NA,NA,NA,141,0.574468085106383,-16000,-113.475177304965,0.710669077757685,-0.158928199417371,17540
"Short","fixed",500,800,NA,NA,NA,NA,141,0.531914893617021,-14270,-101.205673758865,0.717816887482697,-0.159454456204722,14930
"Short","fixed",400,1000,NA,NA,NA,NA,141,0.624113475177305,-14880,-105.531914893617,0.699272433306386,-0.1604486079108,17640
"Short","fixed",100,300,NA,NA,NA,NA,141,0.673758865248227,-4300,-30.4964539007092,0.688405797101449,-0.162039989838807,5000
"Long","fixed",100,100,NA,NA,NA,NA,141,0.418439716312057,-2300,-16.3120567375887,0.719512195121951,-0.164747703648015,2400
"Short","fixed",900,900,NA,NA,NA,NA,141,0.432624113475177,-19270,-136.666666666667,0.708074534161491,-0.165074443078592,22560
"Short","fixed",200,500,NA,NA,NA,NA,141,0.631205673758865,-7940,-56.3120567375887,0.691530691530692,-0.166988782338301,7900
"Short","breakeven",NA,NA,NA,NA,300,50,141,0.723404255319149,-19080,-135.31914893617,0.542884523239099,-0.167102242271209,23460
"Short","fixed",200,600,NA,NA,NA,NA,141,0.666666666666667,-8890,-63.0496453900709,0.678945467677862,-0.168251696842372,8850
"Short","fixed",300,800,NA,NA,NA,NA,141,0.638297872340426,-12360,-87.6595744680851,0.685015290519878,-0.168565579389756,13120
"Short","fixed",100,800,NA,NA,NA,NA,141,0.815602836879433,-8090,-57.3758865248227,0.587034201123022,-0.169587039466319,8350
"Short","fixed",800,800,NA,NA,NA,NA,141,0.432624113475177,-18070,-128.156028368794,0.701075268817204,-0.171697421344059,22400
"Short","breakeven",NA,NA,NA,NA,300,10,141,0.723404255319149,-19820,-140.567375886525,0.525155725922377,-0.171907186785626,23600
"Short","fixed",600,1000,NA,NA,NA,NA,141,0.531914893617021,-18450,-130.851063829787,0.69453642384106,-0.172078741706398,19290
"Short","fixed",800,1000,NA,NA,NA,NA,141,0.475177304964539,-20300,-143.971631205674,0.691629955947137,-0.174070931784866,23840
"Short","fixed",400,900,NA,NA,NA,NA,141,0.595744680851064,-15380,-109.078014184397,0.682100041339396,-0.175424533416718,15840
"Short","breakeven",NA,NA,NA,NA,300,20,141,0.723404255319149,-20270,-143.758865248227,0.514374700527072,-0.176802773716439,24200
"Short","fixed",600,800,NA,NA,NA,NA,141,0.482269503546099,-17060,-120.992907801418,0.692446367405805,-0.178552053145433,18780
"Short","fixed",300,1000,NA,NA,NA,NA,141,0.673758865248227,-14970,-106.170212765957,0.654671280276817,-0.179042650692145,17530
"Short","fixed",200,700,NA,NA,NA,NA,141,0.687943262411348,-10690,-75.8156028368794,0.64473246925889,-0.183457795984252,10650
"Short","fixed",700,1000,NA,NA,NA,NA,141,0.49645390070922,-21850,-154.964539007092,0.665902140672783,-0.193430915463096,23990
"Short","fixed",100,900,NA,NA,NA,NA,141,0.815602836879433,-10200,-72.3404255319149,0.529953917050691,-0.194555077402427,10460
"Short","fixed",500,900,NA,NA,NA,NA,141,0.539007092198582,-18780,-133.191489361702,0.662108672184239,-0.19570504985337,18820
"Short","fixed",800,900,NA,NA,NA,NA,141,0.439716312056738,-21930,-155.531914893617,0.663185378590078,-0.19700904815351,23460
"Short","fixed",300,900,NA,NA,NA,NA,141,0.645390070921986,-15670,-111.13475177305,0.634305717619603,-0.197863571369592,16030
"Short","fixed",700,800,NA,NA,NA,NA,141,0.446808510638298,-19960,-141.560283687943,0.664368589204641,-0.198852711396631,22700
"Short","breakeven",NA,NA,NA,NA,200,50,141,0.765957446808511,-20800,-147.517730496454,0.440860215053763,-0.199115147864958,25000
"Short","fixed",600,900,NA,NA,NA,NA,141,0.49645390070922,-20570,-145.886524822695,0.65819209039548,-0.201296507912183,20610
"Short","breakeven",NA,NA,NA,NA,200,20,141,0.765957446808511,-22150,-157.09219858156,0.404569892473118,-0.211051670995027,26100
"Short","fixed",100,1000,NA,NA,NA,NA,141,0.815602836879433,-12400,-87.9432624113475,0.481171548117155,-0.216113887800885,12660
"Short","breakeven",NA,NA,NA,NA,200,10,141,0.765957446808511,-22730,-161.205673758865,0.388978494623656,-0.216712810488644,26520
"Short","breakeven",NA,NA,NA,NA,200,0,141,0.134751773049645,-22940,-162.695035460993,0.383333333333333,-0.218153798857477,26570
"Short","breakeven",NA,NA,NA,NA,100,50,141,0.843971631205674,-17800,-126.241134751773,0.344865660655134,-0.220631098066473,17860
"Short","fixed",700,900,NA,NA,NA,NA,141,0.460992907801418,-23770,-168.581560283688,0.632498453927025,-0.22154716118069,24510
"Short","fixed",200,800,NA,NA,NA,NA,141,0.687943262411348,-14240,-100.992907801418,0.576694411414982,-0.222422740250398,14200
"Short","fixed",200,1000,NA,NA,NA,NA,141,0.716312056737589,-17150,-121.631205673759,0.540829986613119,-0.232607380999918,18110
"Short","fixed",200,900,NA,NA,NA,NA,141,0.695035460992908,-16950,-120.212765957447,0.53625170998632,-0.24397758437589,16910
"Short","breakeven",NA,NA,NA,NA,100,20,141,0.843971631205674,-20900,-148.22695035461,0.230769230769231,-0.261952198489621,21040
"Short","breakeven",NA,NA,NA,NA,100,0,141,0.0709219858156028,-21490,-152.41134751773,0.209054103790946,-0.265579871097643,21530
"Short","breakeven",NA,NA,NA,NA,100,10,141,0.843971631205674,-22010,-156.099290780142,0.189915347810085,-0.277013512721753,22100
